Handle,Title,Body (HTML),Vendor,Type,Tags,Published,Option1 Name,Option1 Value,Variant SKU,Variant Grams,Variant Inventory Tracker,Variant Inventory Qty,Variant Inventory Policy,Variant Fulfillment Service,Variant Price,Variant Requires Shipping,Variant Taxable,Status
etiopia-yirgacheffe-250g,Etiopía Yirgacheffe 250 g,"Grano de altura lavado. Notas a bergamota, jazmín y melocotón. Tueste medio-claro para filtro.",Cafés Berenguer,Café,"café,filtro,origen",TRUE,Formato,250 g,CAF-ETH-250,300,shopify,48,deny,manual,12.50,TRUE,TRUE,active
colombia-huila-250g,Colombia Huila 250 g,"Finca familiar en Pitalito. Notas a panela, cacao y naranja. Va bien en filtro y en espresso.",Cafés Berenguer,Café,"café,filtro,espresso",TRUE,Formato,250 g,CAF-COL-250,300,shopify,62,deny,manual,11.90,TRUE,TRUE,active
brasil-cerrado-1kg,Brasil Cerrado 1 kg,"Formato para hostelería. Cuerpo alto, notas a avellana y chocolate con leche.",Cafés Berenguer,Café,"café,hostelería,espresso",TRUE,Formato,1 kg,CAF-BRA-1000,1050,shopify,25,deny,manual,32.00,TRUE,TRUE,active
descafeinado-natural-250g,Descafeinado natural 250 g,Descafeinado por agua sin disolventes. Notas a almendra tostada y caramelo.,Cafés Berenguer,Café,"café,descafeinado",TRUE,Formato,250 g,CAF-DES-250,300,shopify,34,deny,manual,13.20,TRUE,TRUE,active
molinillo-manual-acero,Molinillo manual de acero,"Muelas cónicas de acero inoxidable, 38 clics de ajuste. Para filtro y espresso.",Cafés Berenguer,Equipo,"equipo,molinillo",TRUE,Título,Único,EQP-MOL-01,850,shopify,12,deny,manual,64.00,TRUE,TRUE,active
prensa-francesa-350,Prensa francesa 350 ml,Vidrio borosilicato con filtro de acero. Dos tazas.,Cafés Berenguer,Equipo,"equipo,filtro",TRUE,Título,Único,EQP-PRE-350,600,shopify,20,deny,manual,28.50,TRUE,TRUE,active
filtros-v60-100,Filtros de papel V60 · 100 uds,Filtros de papel sin blanquear para goteador cónico del número 02.,Cafés Berenguer,Equipo,"equipo,consumible",TRUE,Título,Único,EQP-FIL-100,180,shopify,96,deny,manual,6.90,TRUE,TRUE,active
taza-ceramica-200,Taza de cerámica artesanal 200 ml,Torneada a mano en un taller de Manises. Cada pieza es ligeramente distinta.,Cafés Berenguer,Equipo,"equipo,cerámica",TRUE,Título,Único,EQP-TAZ-200,420,shopify,18,deny,manual,14.00,TRUE,TRUE,active
libro-arte-del-cafe,El arte del café de especialidad,"Manual de 240 páginas sobre tueste, extracción y cata. Edición en castellano.",Cafés Berenguer,Libro,"libro,formación",TRUE,Título,Único,LIB-ART-01,540,shopify,15,deny,manual,24.00,TRUE,TRUE,active
